Unnamed: 0,Confirmed,Cured,Dead,State,time,date
1,10,0,0,Andaman & Nicobar Island,18:00,06 April 2020
0,226,1,3,Andhra Pradesh,18:00,06 April 2020
29,1,0,0,Arunanchal Pradesh,18:00,06 April 2020
27,26,0,0,Assam,18:00,06 April 2020
2,32,0,1,Bihar,18:00,06 April 2020
3,18,0,0,Chandigarh,18:00,06 April 2020
4,10,8,0,Chhattisgarh,18:00,06 April 2020
5,523,19,7,NCT of Delhi,18:00,06 April 2020
6,7,0,0,Goa,18:00,06 April 2020
7,144,22,12,Gujarat,18:00,06 April 2020
8,84,25,1,Haryana,18:00,06 April 2020
9,13,2,1,Himachal Pradesh,18:00,06 April 2020
10,109,4,2,J & K,18:00,06 April 2020
28,4,0,0,Jharkhand,18:00,06 April 2020
11,151,12,4,Karnataka,18:00,06 April 2020
12,314,55,2,Kerala,18:00,06 April 2020
13,14,10,0,Ladakh,18:00,06 April 2020
14,165,0,9,Madhya Pradesh,18:00,06 April 2020
15,748,56,45,Maharashtra,18:00,06 April 2020
16,2,0,0,Manipur,18:00,06 April 2020
17,1,0,0,Mizoram,18:00,06 April 2020
18,21,2,0,Odisha,18:00,06 April 2020
19,5,1,0,Puducherry,18:00,06 April 2020
20,76,4,6,Punjab,18:00,06 April 2020
21,274,21,0,Rajasthan,18:00,06 April 2020
22,571,8,5,Tamil Nadu,18:00,06 April 2020
23,321,34,7,Telangana,18:00,06 April 2020
25,305,21,3,Uttar Pradesh,18:00,06 April 2020
24,26,4,0,Uttarakhand,18:00,06 April 2020
26,80,10,3,West Bengal,18:00,06 April 2020
1,10,0,0,Andaman & Nicobar Island,09:00,07 April 2020
0,226,1,3,Andhra Pradesh,09:00,07 April 2020
29,1,0,0,Arunanchal Pradesh,09:00,07 April 2020
27,26,0,0,Assam,09:00,07 April 2020
2,32,0,1,Bihar,09:00,07 April 2020
3,18,0,0,Chandigarh,09:00,07 April 2020
4,10,8,0,Chhattisgarh,09:00,07 April 2020
5,523,19,7,NCT of Delhi,09:00,07 April 2020
6,7,0,0,Goa,09:00,07 April 2020
7,144,22,12,Gujarat,09:00,07 April 2020
8,90,25,1,Haryana,09:00,07 April 2020
9,13,2,1,Himachal Pradesh,09:00,07 April 2020
10,109,4,2,J & K,09:00,07 April 2020
28,4,0,0,Jharkhand,09:00,07 April 2020
11,151,12,4,Karnataka,09:00,07 April 2020
12,327,58,2,Kerala,09:00,07 April 2020
13,14,10,0,Ladakh,09:00,07 April 2020
14,165,0,9,Madhya Pradesh,09:00,07 April 2020
15,748,56,45,Maharashtra,09:00,07 April 2020
16,2,0,0,Manipur,09:00,07 April 2020
17,1,0,0,Mizoram,09:00,07 April 2020
18,21,2,0,Odisha,09:00,07 April 2020
19,5,1,0,Puducherry,09:00,07 April 2020
20,76,4,6,Punjab,09:00,07 April 2020
21,288,21,3,Rajasthan,09:00,07 April 2020
22,621,8,5,Tamil Nadu,09:00,07 April 2020
23,321,34,7,Telangana,09:00,07 April 2020
30,1,0,0,Tripura,09:00,07 April 2020
25,305,21,3,Uttar Pradesh,09:00,07 April 2020
24,31,5,0,Uttarakhand,09:00,07 April 2020
26,91,13,3,West Bengal,09:00,07 April 2020
1,10,0,0,Andaman & Nicobar Island,08:00,08 April 2020
0,305,1,4,Andhra Pradesh,08:00,08 April 2020
29,1,0,0,Arunanchal Pradesh,08:00,08 April 2020
27,27,0,0,Assam,08:00,08 April 2020
2,38,0,1,Bihar,08:00,08 April 2020
3,18,7,0,Chandigarh,08:00,08 April 2020
4,10,9,0,Chhattisgarh,08:00,08 April 2020
5,576,21,9,NCT of Delhi,08:00,08 April 2020
6,7,0,0,Goa,08:00,08 April 2020
7,165,25,13,Gujarat,08:00,08 April 2020
8,147,28,3,Haryana,08:00,08 April 2020
9,18,2,1,Himachal Pradesh,08:00,08 April 2020
10,116,4,2,J & K,08:00,08 April 2020
28,4,0,0,Jharkhand,08:00,08 April 2020
11,175,25,4,Karnataka,08:00,08 April 2020
12,336,70,2,Kerala,08:00,08 April 2020
13,14,10,0,Ladakh,08:00,08 April 2020
14,229,0,13,Madhya Pradesh,08:00,08 April 2020
15,1018,79,64,Maharashtra,08:00,08 April 2020
16,2,0,0,Manipur,08:00,08 April 2020
17,1,0,0,Mizoram,08:00,08 April 2020
18,42,2,1,Odisha,08:00,08 April 2020
19,5,1,0,Puducherry,08:00,08 April 2020
20,91,4,7,Punjab,08:00,08 April 2020
21,328,21,3,Rajasthan,08:00,08 April 2020
22,690,19,7,Tamil Nadu,08:00,08 April 2020
23,364,35,7,Telangana,08:00,08 April 2020
30,1,0,0,Tripura,08:00,08 April 2020
25,326,21,3,Uttar Pradesh,08:00,08 April 2020
24,31,5,0,Uttarakhand,08:00,08 April 2020
26,99,13,5,West Bengal,08:00,08 April 2020
1,11,0,0,Andaman & Nicobar Island,17:00,09 April 2020
0,348,6,4,Andhra Pradesh,17:00,09 April 2020
29,1,0,0,Arunanchal Pradesh,17:00,09 April 2020
27,28,0,0,Assam,17:00,09 April 2020
2,38,0,1,Bihar,17:00,09 April 2020
3,18,7,0,Chandigarh,17:00,09 April 2020
4,10,9,0,Chhattisgarh,17:00,09 April 2020
5,669,21,9,NCT of Delhi,17:00,09 April 2020
6,7,0,0,Goa,17:00,09 April 2020
7,179,25,16,Gujarat,17:00,09 April 2020
8,147,28,3,Haryana,17:00,09 April 2020
9,18,2,1,Himachal Pradesh,17:00,09 April 2020
10,158,4,4,J & K,17:00,09 April 2020
28,4,0,0,Jharkhand,17:00,09 April 2020
11,181,28,5,Karnataka,17:00,09 April 2020
12,345,83,2,Kerala,17:00,09 April 2020
13,14,10,0,Ladakh,17:00,09 April 2020
14,229,0,13,Madhya Pradesh,17:00,09 April 2020
15,1135,117,72,Maharashtra,17:00,09 April 2020
16,1,1,0,Manipur,17:00,09 April 2020
17,1,0,0,Mizoram,17:00,09 April 2020
18,42,2,1,Odisha,17:00,09 April 2020
19,5,1,0,Puducherry,17:00,09 April 2020
20,101,4,8,Punjab,17:00,09 April 2020
21,381,21,3,Rajasthan,17:00,09 April 2020
22,738,21,8,Tamil Nadu,17:00,09 April 2020
23,427,35,7,Telangana,17:00,09 April 2020
30,1,0,0,Tripura,17:00,09 April 2020
25,361,27,4,Uttar Pradesh,17:00,09 April 2020
24,33,5,0,Uttarakhand,17:00,09 April 2020
26,103,16,5,West Bengal,17:00,09 April 2020
1,11,0,0,Andaman & Nicobar Island,08:00,10 April 2020
0,348,6,4,Andhra Pradesh,08:00,10 April 2020
29,1,0,0,Arunanchal Pradesh,08:00,10 April 2020
27,29,0,0,Assam,08:00,10 April 2020
2,39,0,1,Bihar,08:00,10 April 2020
3,18,7,0,Chandigarh,08:00,10 April 2020
4,10,9,0,Chhattisgarh,08:00,10 April 2020
5,720,25,12,NCT of Delhi,08:00,10 April 2020
6,7,0,0,Goa,08:00,10 April 2020
7,241,26,17,Gujarat,08:00,10 April 2020
8,169,29,3,Haryana,08:00,10 April 2020
9,18,2,1,Himachal Pradesh,08:00,10 April 2020
10,158,4,4,J & K,08:00,10 April 2020
28,13,0,1,Jharkhand,08:00,10 April 2020
11,181,28,5,Karnataka,08:00,10 April 2020
12,357,96,2,Kerala,08:00,10 April 2020
13,15,10,0,Ladakh,08:00,10 April 2020
14,259,0,16,Madhya Pradesh,08:00,10 April 2020
15,1364,125,97,Maharashtra,08:00,10 April 2020
16,2,1,0,Manipur,08:00,10 April 2020
17,1,0,0,Mizoram,08:00,10 April 2020
18,44,2,1,Odisha,08:00,10 April 2020
19,5,1,0,Puducherry,08:00,10 April 2020
20,101,4,8,Punjab,08:00,10 April 2020
21,463,21,3,Rajasthan,08:00,10 April 2020
22,834,21,8,Tamil Nadu,08:00,10 April 2020
23,442,35,7,Telangana,08:00,10 April 2020
30,1,0,0,Tripura,08:00,10 April 2020
25,410,31,4,Uttar Pradesh,08:00,10 April 2020
24,35,5,0,Uttarakhand,08:00,10 April 2020
26,116,16,5,West Bengal,08:00,10 April 2020
1,11,0,0,Andaman & Nicobar Island,17:00,11 April 2020
0,363,7,6,Andhra Pradesh,17:00,11 April 2020
29,1,0,0,Arunanchal Pradesh,17:00,11 April 2020
27,29,0,1,Assam,17:00,11 April 2020
2,60,0,1,Bihar,17:00,11 April 2020
3,18,7,0,Chandigarh,17:00,11 April 2020
4,18,9,0,Chhattisgarh,17:00,11 April 2020
5,903,25,13,NCT of Delhi,17:00,11 April 2020
6,7,1,0,Goa,17:00,11 April 2020
7,308,31,19,Gujarat,17:00,11 April 2020
8,177,29,3,Haryana,17:00,11 April 2020
9,28,6,1,Himachal Pradesh,17:00,11 April 2020
10,207,6,4,J & K,17:00,11 April 2020
28,14,0,1,Jharkhand,17:00,11 April 2020
11,207,31,6,Karnataka,17:00,11 April 2020
12,364,123,2,Kerala,17:00,11 April 2020
13,15,10,0,Ladakh,17:00,11 April 2020
14,435,0,33,Madhya Pradesh,17:00,11 April 2020
15,1574,188,110,Maharashtra,17:00,11 April 2020
16,2,1,0,Manipur,17:00,11 April 2020
17,1,0,0,Mizoram,17:00,11 April 2020
18,48,2,1,Odisha,17:00,11 April 2020
19,5,1,0,Puducherry,17:00,11 April 2020
20,132,5,11,Punjab,17:00,11 April 2020
21,553,21,3,Rajasthan,17:00,11 April 2020
22,911,44,8,Tamil Nadu,17:00,11 April 2020
23,473,43,7,Telangana,17:00,11 April 2020
30,1,0,0,Tripura,17:00,11 April 2020
25,431,32,4,Uttar Pradesh,17:00,11 April 2020
24,35,5,0,Uttarakhand,17:00,11 April 2020
26,116,16,5,West Bengal,17:00,11 April 2020
1,11,10,0,Andaman & Nicobar Island,17:00,12 April 2020
0,381,11,6,Andhra Pradesh,17:00,12 April 2020
29,1,0,0,Arunanchal Pradesh,17:00,12 April 2020
27,29,0,1,Assam,17:00,12 April 2020
2,63,0,1,Bihar,17:00,12 April 2020
3,19,7,0,Chandigarh,17:00,12 April 2020
4,18,9,0,Chhattisgarh,17:00,12 April 2020
5,1069,25,19,NCT of Delhi,17:00,12 April 2020
6,7,5,0,Goa,17:00,12 April 2020
7,432,44,22,Gujarat,17:00,12 April 2020
8,177,29,3,Haryana,17:00,12 April 2020
9,32,6,1,Himachal Pradesh,17:00,12 April 2020
10,207,6,4,J & K,17:00,12 April 2020
28,17,0,1,Jharkhand,17:00,12 April 2020
11,214,37,6,Karnataka,17:00,12 April 2020
12,364,123,2,Kerala,17:00,12 April 2020
13,15,10,0,Ladakh,17:00,12 April 2020
14,532,0,36,Madhya Pradesh,17:00,12 April 2020
15,1761,208,127,Maharashtra,17:00,12 April 2020
16,2,1,0,Manipur,17:00,12 April 2020
17,1,0,0,Mizoram,17:00,12 April 2020
18,50,2,1,Odisha,17:00,12 April 2020
19,7,1,0,Puducherry,17:00,12 April 2020
20,151,5,11,Punjab,17:00,12 April 2020
21,700,21,3,Rajasthan,17:00,12 April 2020
22,969,44,10,Tamil Nadu,17:00,12 April 2020
23,504,43,9,Telangana,17:00,12 April 2020
30,2,0,0,Tripura,17:00,12 April 2020
25,452,45,5,Uttar Pradesh,17:00,12 April 2020
24,35,5,0,Uttarakhand,17:00,12 April 2020
26,134,19,5,West Bengal,17:00,12 April 2020
1,11,10,0,Andaman & Nicobar Island,17:00,13 April 2020
0,432,11,7,Andhra Pradesh,17:00,13 April 2020
29,1,0,0,Arunanchal Pradesh,17:00,13 April 2020
27,31,0,1,Assam,17:00,13 April 2020
2,64,26,1,Bihar,17:00,13 April 2020
3,21,7,0,Chandigarh,17:00,13 April 2020
4,31,10,0,Chhattisgarh,17:00,13 April 2020
5,1154,27,24,NCT of Delhi,17:00,13 April 2020
6,7,5,0,Goa,17:00,13 April 2020
7,539,47,26,Gujarat,17:00,13 April 2020
8,185,29,3,Haryana,17:00,13 April 2020
9,32,13,1,Himachal Pradesh,17:00,13 April 2020
10,245,6,4,J & K,17:00,13 April 2020
28,19,0,2,Jharkhand,17:00,13 April 2020
11,247,59,6,Karnataka,17:00,13 April 2020
12,376,179,3,Kerala,17:00,13 April 2020
13,15,10,0,Ladakh,17:00,13 April 2020
14,604,44,43,Madhya Pradesh,17:00,13 April 2020
15,1985,217,149,Maharashtra,17:00,13 April 2020
16,2,1,0,Manipur,17:00,13 April 2020
17,1,0,0,Mizoram,17:00,13 April 2020
31,1,0,0,Nagaland,17:00,13 April 2020
18,54,12,1,Odisha,17:00,13 April 2020
19,7,1,0,Puducherry,17:00,13 April 2020
20,167,14,11,Punjab,17:00,13 April 2020
21,812,21,3,Rajasthan,17:00,13 April 2020
22,1075,50,11,Tamil Nadu,17:00,13 April 2020
23,562,100,16,Telangana,17:00,13 April 2020
30,2,0,0,Tripura,17:00,13 April 2020
25,483,47,5,Uttar Pradesh,17:00,13 April 2020
24,35,5,0,Uttarakhand,17:00,13 April 2020
26,152,29,7,West Bengal,17:00,13 April 2020
1,11,10,0,Andaman & Nicobar Island,08:00,14 April 2020
0,432,11,7,Andhra Pradesh,08:00,14 April 2020
29,1,0,0,Arunanchal Pradesh,08:00,14 April 2020
27,31,0,1,Assam,08:00,14 April 2020
2,65,26,1,Bihar,08:00,14 April 2020
3,21,7,0,Chandigarh,08:00,14 April 2020
4,31,10,0,Chhattisgarh,08:00,14 April 2020
5,1510,30,28,NCT of Delhi,08:00,14 April 2020
6,7,5,0,Goa,08:00,14 April 2020
7,539,54,26,Gujarat,08:00,14 April 2020
8,185,29,3,Haryana,08:00,14 April 2020
9,32,13,1,Himachal Pradesh,08:00,14 April 2020
10,270,16,4,J & K,08:00,14 April 2020
28,24,0,2,Jharkhand,08:00,14 April 2020
11,247,59,6,Karnataka,08:00,14 April 2020
12,379,198,3,Kerala,08:00,14 April 2020
13,15,10,0,Ladakh,08:00,14 April 2020
14,604,44,43,Madhya Pradesh,08:00,14 April 2020
15,1985,217,149,Maharashtra,08:00,14 April 2020
16,2,1,0,Manipur,08:00,14 April 2020
17,1,0,0,Mizoram,08:00,14 April 2020
31,1,0,0,Nagaland,08:00,14 April 2020
18,54,12,1,Odisha,08:00,14 April 2020
19,7,1,0,Puducherry,08:00,14 April 2020
20,167,14,11,Punjab,08:00,14 April 2020
21,873,21,3,Rajasthan,08:00,14 April 2020
22,1173,58,11,Tamil Nadu,08:00,14 April 2020
23,562,100,16,Telangana,08:00,14 April 2020
30,2,0,0,Tripura,08:00,14 April 2020
25,558,49,5,Uttar Pradesh,08:00,14 April 2020
24,35,5,0,Uttarakhand,08:00,14 April 2020
26,190,36,7,West Bengal,08:00,14 April 2020
1,11,10,0,Andaman & Nicobar Island,17:00,15 April 2020
0,503,16,9,Andhra Pradesh,17:00,15 April 2020
29,1,0,0,Arunanchal Pradesh,17:00,15 April 2020
27,33,0,1,Assam,17:00,15 April 2020
2,70,29,1,Bihar,17:00,15 April 2020
3,21,7,0,Chandigarh,17:00,15 April 2020
4,33,13,0,Chhattisgarh,17:00,15 April 2020
5,1561,30,30,NCT of Delhi,17:00,15 April 2020
6,7,5,0,Goa,17:00,15 April 2020
7,695,59,30,Gujarat,17:00,15 April 2020
8,199,34,3,Haryana,17:00,15 April 2020
9,33,13,1,Himachal Pradesh,17:00,15 April 2020
10,278,30,4,J & K,17:00,15 April 2020
28,27,0,2,Jharkhand,17:00,15 April 2020
11,277,75,11,Karnataka,17:00,15 April 2020
12,387,211,3,Kerala,17:00,15 April 2020
13,17,10,0,Ladakh,17:00,15 April 2020
14,987,64,53,Madhya Pradesh,17:00,15 April 2020
15,2687,259,178,Maharashtra,17:00,15 April 2020
16,2,1,0,Manipur,17:00,15 April 2020
31,7,0,1,Meghalaya,17:00,15 April 2020
17,1,0,0,Mizoram,17:00,15 April 2020
18,60,18,1,Odisha,17:00,15 April 2020
19,7,1,0,Puducherry,17:00,15 April 2020
20,186,14,13,Punjab,17:00,15 April 2020
21,1005,147,3,Rajasthan,17:00,15 April 2020
22,1204,81,12,Tamil Nadu,17:00,15 April 2020
23,647,120,18,Telangana,17:00,15 April 2020
30,2,0,0,Tripura,17:00,15 April 2020
25,735,51,11,Uttar Pradesh,17:00,15 April 2020
24,37,9,0,Uttarakhand,17:00,15 April 2020
26,213,37,7,West Bengal,17:00,15 April 2020
1,11,10,0,Andaman & Nicobar Island,17:00,16 April 2020
0,525,20,14,Andhra Pradesh,17:00,16 April 2020
29,1,0,0,Arunanchal Pradesh,17:00,16 April 2020
27,33,0,1,Assam,17:00,16 April 2020
2,70,29,1,Bihar,17:00,16 April 2020
3,21,7,0,Chandigarh,17:00,16 April 2020
4,33,17,0,Chhattisgarh,17:00,16 April 2020
5,1578,40,32,NCT of Delhi,17:00,16 April 2020
6,7,5,0,Goa,17:00,16 April 2020
7,766,64,33,Gujarat,17:00,16 April 2020
8,205,43,3,Haryana,17:00,16 April 2020
9,35,16,1,Himachal Pradesh,17:00,16 April 2020
10,300,36,4,J & K,17:00,16 April 2020
28,28,0,2,Jharkhand,17:00,16 April 2020
11,279,80,12,Karnataka,17:00,16 April 2020
12,388,218,3,Kerala,17:00,16 April 2020
13,17,10,0,Ladakh,17:00,16 April 2020
14,987,64,53,Madhya Pradesh,17:00,16 April 2020
15,2916,295,187,Maharashtra,17:00,16 April 2020
16,2,1,0,Manipur,17:00,16 April 2020
31,7,0,1,Meghalaya,17:00,16 April 2020
17,1,0,0,Mizoram,17:00,16 April 2020
18,60,18,1,Odisha,17:00,16 April 2020
19,7,1,0,Puducherry,17:00,16 April 2020
20,186,27,13,Punjab,17:00,16 April 2020
21,1023,147,3,Rajasthan,17:00,16 April 2020
22,1242,118,14,Tamil Nadu,17:00,16 April 2020
23,647,120,18,Telangana,17:00,16 April 2020
30,2,1,0,Tripura,17:00,16 April 2020
25,735,51,11,Uttar Pradesh,17:00,16 April 2020
24,37,9,0,Uttarakhand,17:00,16 April 2020
26,213,42,7,West Bengal,17:00,16 April 2020
1,11,10,0,Andaman & Nicobar Island,08:00,18 April 2020
0,572,36,14,Andhra Pradesh,08:00,18 April 2020
29,1,0,0,Arunanchal Pradesh,08:00,18 April 2020
27,35,5,1,Assam,08:00,18 April 2020
2,83,37,1,Bihar,08:00,18 April 2020
3,21,9,0,Chandigarh,08:00,18 April 2020
4,36,23,0,Chhattisgarh,08:00,18 April 2020
5,1640,51,38,NCT of Delhi,08:00,18 April 2020
6,7,6,0,Goa,08:00,18 April 2020
7,1021,74,38,Gujarat,08:00,18 April 2020
8,205,43,3,Haryana,08:00,18 April 2020
9,35,16,1,Himachal Pradesh,08:00,18 April 2020
10,314,38,4,J & K,08:00,18 April 2020
28,29,0,2,Jharkhand,08:00,18 April 2020
11,353,82,13,Karnataka,08:00,18 April 2020
12,395,245,3,Kerala,08:00,18 April 2020
13,18,14,0,Ladakh,08:00,18 April 2020
14,1308,65,57,Madhya Pradesh,08:00,18 April 2020
15,3205,300,194,Maharashtra,08:00,18 April 2020
16,2,1,0,Manipur,08:00,18 April 2020
31,9,0,1,Meghalaya,08:00,18 April 2020
17,1,0,0,Mizoram,08:00,18 April 2020
18,60,19,1,Odisha,08:00,18 April 2020
19,7,1,0,Puducherry,08:00,18 April 2020
20,186,27,13,Punjab,08:00,18 April 2020
21,1131,164,11,Rajasthan,08:00,18 April 2020
22,1267,180,15,Tamil Nadu,08:00,18 April 2020
23,743,186,18,Telangana,08:00,18 April 2020
30,2,1,0,Tripura,08:00,18 April 2020
25,846,74,14,Uttar Pradesh,08:00,18 April 2020
24,37,9,0,Uttarakhand,08:00,18 April 2020
26,255,51,10,West Bengal,08:00,18 April 2020
1,14,11,0,Andaman & Nicobar Island,17:00,19 April 2020
0,603,42,15,Andhra Pradesh,17:00,19 April 2020
29,1,0,0,Arunanchal Pradesh,17:00,19 April 2020
27,35,12,1,Assam,17:00,19 April 2020
2,86,37,2,Bihar,17:00,19 April 2020
3,23,10,0,Chandigarh,17:00,19 April 2020
4,36,24,0,Chhattisgarh,17:00,19 April 2020
5,1893,72,42,NCT of Delhi,17:00,19 April 2020
6,7,6,0,Goa,17:00,19 April 2020
7,1376,93,53,Gujarat,17:00,19 April 2020
8,225,43,3,Haryana,17:00,19 April 2020
9,39,16,1,Himachal Pradesh,17:00,19 April 2020
10,341,51,5,J & K,17:00,19 April 2020
28,34,0,2,Jharkhand,17:00,19 April 2020
11,384,104,14,Karnataka,17:00,19 April 2020
12,400,257,3,Kerala,17:00,19 April 2020
13,18,14,0,Ladakh,17:00,19 April 2020
14,1407,127,70,Madhya Pradesh,17:00,19 April 2020
15,3651,365,211,Maharashtra,17:00,19 April 2020
16,2,1,0,Manipur,17:00,19 April 2020
31,11,0,1,Meghalaya,17:00,19 April 2020
17,1,0,0,Mizoram,17:00,19 April 2020
18,61,24,1,Odisha,17:00,19 April 2020
19,7,3,0,Puducherry,17:00,19 April 2020
20,202,27,13,Punjab,17:00,19 April 2020
21,1351,182,11,Rajasthan,17:00,19 April 2020
22,1372,365,15,Tamil Nadu,17:00,19 April 2020
23,809,186,18,Telangana,17:00,19 April 2020
30,2,1,0,Tripura,17:00,19 April 2020
25,969,86,14,Uttar Pradesh,17:00,19 April 2020
24,42,9,0,Uttarakhand,17:00,19 April 2020
26,310,62,12,West Bengal,17:00,19 April 2020
1,15,11,0,Andaman & Nicobar Island,17:00,20 April 2020
0,646,42,15,Andhra Pradesh,17:00,20 April 2020
29,1,0,0,Arunanchal Pradesh,17:00,20 April 2020
27,35,17,1,Assam,17:00,20 April 2020
2,93,42,2,Bihar,17:00,20 April 2020
3,26,13,0,Chandigarh,17:00,20 April 2020
4,36,25,0,Chhattisgarh,17:00,20 April 2020
5,2003,72,45,NCT of Delhi,17:00,20 April 2020
6,7,7,0,Goa,17:00,20 April 2020
7,1743,105,63,Gujarat,17:00,20 April 2020
8,233,87,3,Haryana,17:00,20 April 2020
9,39,16,1,Himachal Pradesh,17:00,20 April 2020
10,350,56,5,J & K,17:00,20 April 2020
28,42,0,2,Jharkhand,17:00,20 April 2020
11,390,111,16,Karnataka,17:00,20 April 2020
12,402,270,3,Kerala,17:00,20 April 2020
13,18,14,0,Ladakh,17:00,20 April 2020
14,1407,127,70,Madhya Pradesh,17:00,20 April 2020
15,4203,507,223,Maharashtra,17:00,20 April 2020
16,2,1,0,Manipur,17:00,20 April 2020
31,11,0,1,Meghalaya,17:00,20 April 2020
17,1,0,0,Mizoram,17:00,20 April 2020
18,68,24,1,Odisha,17:00,20 April 2020
19,7,3,0,Puducherry,17:00,20 April 2020
20,219,31,16,Punjab,17:00,20 April 2020
21,1351,182,11,Rajasthan,17:00,20 April 2020
22,1477,411,15,Tamil Nadu,17:00,20 April 2020
23,844,186,18,Telangana,17:00,20 April 2020
30,2,1,0,Tripura,17:00,20 April 2020
25,1084,108,17,Uttar Pradesh,17:00,20 April 2020
24,42,9,0,Uttarakhand,17:00,20 April 2020
26,339,66,12,West Bengal,17:00,20 April 2020
1,16,11,0,Andaman & Nicobar Island,17:00,21 April 2020
0,722,92,20,Andhra Pradesh,17:00,21 April 2020
29,1,0,0,Arunanchal Pradesh,17:00,21 April 2020
27,35,19,1,Assam,17:00,21 April 2020
2,113,42,2,Bihar,17:00,21 April 2020
3,26,13,0,Chandigarh,17:00,21 April 2020
4,36,25,0,Chhattisgarh,17:00,21 April 2020
5,2081,431,47,NCT of Delhi,17:00,21 April 2020
6,7,7,0,Goa,17:00,21 April 2020
7,1939,131,71,Gujarat,17:00,21 April 2020
8,254,127,3,Haryana,17:00,21 April 2020
9,39,16,1,Himachal Pradesh,17:00,21 April 2020
10,368,71,5,J & K,17:00,21 April 2020
28,46,0,2,Jharkhand,17:00,21 April 2020
11,408,112,16,Karnataka,17:00,21 April 2020
12,408,291,3,Kerala,17:00,21 April 2020
13,18,14,0,Ladakh,17:00,21 April 2020
14,1485,127,74,Madhya Pradesh,17:00,21 April 2020
15,4666,572,232,Maharashtra,17:00,21 April 2020
16,2,2,0,Manipur,17:00,21 April 2020
31,11,0,1,Meghalaya,17:00,21 April 2020
17,1,0,0,Mizoram,17:00,21 April 2020
18,74,24,1,Odisha,17:00,21 April 2020
19,7,3,0,Puducherry,17:00,21 April 2020
20,245,38,16,Punjab,17:00,21 April 2020
21,1576,205,25,Rajasthan,17:00,21 April 2020
22,1520,457,17,Tamil Nadu,17:00,21 April 2020
23,873,190,23,Telangana,17:00,21 April 2020
30,2,1,0,Tripura,17:00,21 April 2020
25,1184,140,18,Uttar Pradesh,17:00,21 April 2020
24,46,18,0,Uttarakhand,17:00,21 April 2020
26,392,73,12,West Bengal,17:00,21 April 2020
0,16,11,0,Andaman & Nicobar Island,08:00,22 April 2020
1,757,96,22,Andhra Pradesh,08:00,22 April 2020
2,1,1,0,Arunanchal Pradesh,08:00,22 April 2020
3,35,19,1,Assam,08:00,22 April 2020
4,126,42,2,Bihar,08:00,22 April 2020
5,27,14,0,Chandigarh,08:00,22 April 2020
6,36,26,0,Chhattisgarh,08:00,22 April 2020
7,2156,611,47,NCT of Delhi,08:00,22 April 2020
8,7,7,0,Goa,08:00,22 April 2020
9,2178,139,90,Gujarat,08:00,22 April 2020
10,254,127,3,Haryana,08:00,22 April 2020
11,39,16,1,Himachal Pradesh,08:00,22 April 2020
12,380,81,5,J & K,08:00,22 April 2020
13,45,0,3,Jharkhand,08:00,22 April 2020
14,418,129,17,Karnataka,08:00,22 April 2020
15,427,307,3,Kerala,08:00,22 April 2020
16,18,14,0,Ladakh,08:00,22 April 2020
21,1552,148,76,Madhya Pradesh,08:00,22 April 2020
17,5218,722,251,Maharashtra,08:00,22 April 2020
18,2,2,0,Manipur,08:00,22 April 2020
19,12,0,1,Meghalaya,08:00,22 April 2020
20,1,0,0,Mizoram,08:00,22 April 2020
22,79,24,1,Odisha,08:00,22 April 2020
23,7,3,0,Puducherry,08:00,22 April 2020
24,245,39,16,Punjab,08:00,22 April 2020
25,1659,230,25,Rajasthan,08:00,22 April 2020
26,1596,635,18,Tamil Nadu,08:00,22 April 2020
27,928,194,23,Telangana,08:00,22 April 2020
28,2,1,0,Tripura,08:00,22 April 2020
29,1294,140,20,Uttar Pradesh,08:00,22 April 2020
30,46,19,0,Uttarakhand,08:00,22 April 2020
31,423,73,15,West Bengal,08:00,22 April 2020
0,18,11,0,Andaman & Nicobar Island,17:00,23 April 2020
1,895,141,27,Andhra Pradesh,17:00,23 April 2020
2,1,1,0,Arunanchal Pradesh,17:00,23 April 2020
3,35,19,1,Assam,17:00,23 April 2020
4,148,46,2,Bihar,17:00,23 April 2020
5,27,14,0,Chandigarh,17:00,23 April 2020
6,36,28,0,Chhattisgarh,17:00,23 April 2020
7,2248,724,48,NCT of Delhi,17:00,23 April 2020
8,7,7,0,Goa,17:00,23 April 2020
9,2407,179,103,Gujarat,17:00,23 April 2020
10,262,140,3,Haryana,17:00,23 April 2020
11,40,18,1,Himachal Pradesh,17:00,23 April 2020
12,407,92,5,J & K,17:00,23 April 2020
13,49,8,3,Jharkhand,17:00,23 April 2020
14,443,141,17,Karnataka,17:00,23 April 2020
15,438,324,3,Kerala,17:00,23 April 2020
16,18,14,0,Ladakh,17:00,23 April 2020
21,1695,148,81,Madhya Pradesh,17:00,23 April 2020
17,5652,789,269,Maharashtra,17:00,23 April 2020
18,2,2,0,Manipur,17:00,23 April 2020
19,12,0,1,Meghalaya,17:00,23 April 2020
20,1,0,0,Mizoram,17:00,23 April 2020
22,83,32,1,Odisha,17:00,23 April 2020
23,7,3,0,Puducherry,17:00,23 April 2020
24,277,65,16,Punjab,17:00,23 April 2020
25,1890,230,27,Rajasthan,17:00,23 April 2020
26,1629,662,18,Tamil Nadu,17:00,23 April 2020
27,960,197,24,Telangana,17:00,23 April 2020
28,2,1,0,Tripura,17:00,23 April 2020
29,1509,187,21,Uttar Pradesh,17:00,23 April 2020
30,46,23,0,Uttarakhand,17:00,23 April 2020
31,456,79,15,West Bengal,17:00,23 April 2020
0,22,11,0,Andaman & Nicobar Island,17:00,24 April 2020
1,895,141,27,Andhra Pradesh,17:00,24 April 2020
2,1,1,0,Arunanchal Pradesh,17:00,24 April 2020
3,36,19,1,Assam,17:00,24 April 2020
4,153,46,2,Bihar,17:00,24 April 2020
5,27,14,0,Chandigarh,17:00,24 April 2020
6,36,28,0,Chhattisgarh,17:00,24 April 2020
7,2376,808,50,NCT of Delhi,17:00,24 April 2020
8,7,7,0,Goa,17:00,24 April 2020
9,2624,258,112,Gujarat,17:00,24 April 2020
10,272,156,3,Haryana,17:00,24 April 2020
11,40,18,1,Himachal Pradesh,17:00,24 April 2020
12,427,92,5,J & K,17:00,24 April 2020
13,53,8,3,Jharkhand,17:00,24 April 2020
14,445,145,17,Karnataka,17:00,24 April 2020
15,447,324,3,Kerala,17:00,24 April 2020
16,18,14,0,Ladakh,17:00,24 April 2020
21,1699,203,83,Madhya Pradesh,17:00,24 April 2020
17,6430,840,283,Maharashtra,17:00,24 April 2020
18,2,2,0,Manipur,17:00,24 April 2020
19,12,0,1,Meghalaya,17:00,24 April 2020
20,1,0,0,Mizoram,17:00,24 April 2020
22,90,33,1,Odisha,17:00,24 April 2020
23,7,3,0,Puducherry,17:00,24 April 2020
24,277,65,16,Punjab,17:00,24 April 2020
25,1964,230,27,Rajasthan,17:00,24 April 2020
26,1683,752,20,Tamil Nadu,17:00,24 April 2020
27,960,197,24,Telangana,17:00,24 April 2020
28,2,1,0,Tripura,17:00,24 April 2020
29,1510,206,24,Uttar Pradesh,17:00,24 April 2020
30,47,24,0,Uttarakhand,17:00,24 April 2020
31,514,103,15,West Bengal,17:00,24 April 2020
0,27,11,0,Andaman & Nicobar Island,17:00,25 April 2020
1,1061,171,31,Andhra Pradesh,17:00,25 April 2020
2,1,1,0,Arunanchal Pradesh,17:00,25 April 2020
3,36,19,1,Assam,17:00,25 April 2020
4,228,46,2,Bihar,17:00,25 April 2020
5,28,15,0,Chandigarh,17:00,25 April 2020
6,36,30,0,Chhattisgarh,17:00,25 April 2020
7,2514,857,53,NCT of Delhi,17:00,25 April 2020
8,7,7,0,Goa,17:00,25 April 2020
9,2815,265,127,Gujarat,17:00,25 April 2020
10,272,156,3,Haryana,17:00,25 April 2020
11,40,18,1,Himachal Pradesh,17:00,25 April 2020
12,454,109,5,J & K,17:00,25 April 2020
13,59,9,3,Jharkhand,17:00,25 April 2020
14,489,153,18,Karnataka,17:00,25 April 2020
15,451,331,4,Kerala,17:00,25 April 2020
16,20,14,0,Ladakh,17:00,25 April 2020
21,1952,210,92,Madhya Pradesh,17:00,25 April 2020
17,6817,957,301,Maharashtra,17:00,25 April 2020
18,2,2,0,Manipur,17:00,25 April 2020
19,12,0,1,Meghalaya,17:00,25 April 2020
20,1,0,0,Mizoram,17:00,25 April 2020
22,94,33,1,Odisha,17:00,25 April 2020
23,7,3,0,Puducherry,17:00,25 April 2020
24,298,67,17,Punjab,17:00,25 April 2020
25,2034,230,27,Rajasthan,17:00,25 April 2020
26,1755,866,22,Tamil Nadu,17:00,25 April 2020
27,984,253,26,Telangana,17:00,25 April 2020
28,2,1,0,Tripura,17:00,25 April 2020
29,1778,248,26,Uttar Pradesh,17:00,25 April 2020
30,48,25,0,Uttarakhand,17:00,25 April 2020
31,571,103,18,West Bengal,17:00,25 April 2020
0,33,11,0,Andaman & Nicobar Island,08:00,27 April 2020
1,1097,231,31,Andhra Pradesh,08:00,27 April 2020
2,1,1,0,Arunanchal Pradesh,08:00,27 April 2020
3,36,19,1,Assam,08:00,27 April 2020
4,251,46,2,Bihar,08:00,27 April 2020
5,30,17,0,Chandigarh,08:00,27 April 2020
6,37,32,0,Chhattisgarh,08:00,27 April 2020
7,2625,869,54,NCT of Delhi,08:00,27 April 2020
8,7,7,0,Goa,08:00,27 April 2020
9,3071,282,133,Gujarat,08:00,27 April 2020
10,289,176,3,Haryana,08:00,27 April 2020
11,40,22,1,Himachal Pradesh,08:00,27 April 2020
12,494,112,6,J & K,08:00,27 April 2020
13,67,13,3,Jharkhand,08:00,27 April 2020
14,501,177,18,Karnataka,08:00,27 April 2020
15,458,338,4,Kerala,08:00,27 April 2020
16,20,14,0,Ladakh,08:00,27 April 2020
21,2096,210,99,Madhya Pradesh,08:00,27 April 2020
17,7628,1076,323,Maharashtra,08:00,27 April 2020
18,2,2,0,Manipur,08:00,27 April 2020
19,12,0,1,Meghalaya,08:00,27 April 2020
20,1,0,0,Mizoram,08:00,27 April 2020
22,103,34,1,Odisha,08:00,27 April 2020
23,7,3,0,Puducherry,08:00,27 April 2020
24,298,67,17,Punjab,08:00,27 April 2020
25,2083,493,33,Rajasthan,08:00,27 April 2020
26,1821,960,23,Tamil Nadu,08:00,27 April 2020
27,991,280,26,Telangana,08:00,27 April 2020
28,2,2,0,Tripura,08:00,27 April 2020
29,1843,289,29,Uttar Pradesh,08:00,27 April 2020
30,50,26,0,Uttarakhand,08:00,27 April 2020
31,611,105,18,West Bengal,08:00,27 April 2020
0,33,11,0,Andaman and Nicobar,17:00,28 April 2020
1,1183,235,31,Andhra Pradesh,17:00,28 April 2020
2,1,1,0,Arunanchal Pradesh,17:00,28 April 2020
3,36,27,1,Assam,17:00,28 April 2020
4,345,57,2,Bihar,17:00,28 April 2020
5,40,17,0,Chandigarh,17:00,28 April 2020
6,37,32,0,Chhattisgarh,17:00,28 April 2020
7,3108,877,54,NCT of Delhi,17:00,28 April 2020
8,7,7,0,Goa,17:00,28 April 2020
9,3548,394,162,Gujarat,17:00,28 April 2020
10,296,183,3,Haryana,17:00,28 April 2020
11,40,22,1,Himachal Pradesh,17:00,28 April 2020
12,546,164,7,Jammu and Kashmir,17:00,28 April 2020
13,82,13,3,Jharkhand,17:00,28 April 2020
14,512,193,20,Karnataka,17:00,28 April 2020
15,481,355,4,Kerala,17:00,28 April 2020
16,20,14,0,Ladakh,17:00,28 April 2020
21,2168,302,110,Madhya Pradesh,17:00,28 April 2020
17,8590,1282,369,Maharashtra,17:00,28 April 2020
18,2,2,0,Manipur,17:00,28 April 2020
19,12,0,1,Meghalaya,17:00,28 April 2020
20,1,0,0,Mizoram,17:00,28 April 2020
22,118,37,1,Odisha,17:00,28 April 2020
23,8,3,0,Puducherry,17:00,28 April 2020
24,313,71,18,Punjab,17:00,28 April 2020
25,2185,518,41,Rajasthan,17:00,28 April 2020
26,1937,1101,24,Tamil Nadu,17:00,28 April 2020
27,1002,280,26,Telangana,17:00,28 April 2020
28,2,2,0,Tripura,17:00,28 April 2020
29,1955,335,31,Uttar Pradesh,17:00,28 April 2020
30,51,33,0,Uttarakhand,17:00,28 April 2020
31,697,109,20,West Bengal,17:00,28 April 2020
0,33,15,0,Andaman and Nicobar,08:00,29 April 2020
1,1259,258,31,Andhra Pradesh,08:00,29 April 2020
2,1,1,0,Arunanchal Pradesh,08:00,29 April 2020
3,38,27,1,Assam,08:00,29 April 2020
4,366,64,2,Bihar,08:00,29 April 2020
5,56,17,0,Chandigarh,08:00,29 April 2020
6,38,34,0,Chhattisgarh,08:00,29 April 2020
7,3314,1078,54,NCT of Delhi,08:00,29 April 2020
8,7,7,0,Goa,08:00,29 April 2020
9,3744,434,181,Gujarat,08:00,29 April 2020
10,310,209,3,Haryana,08:00,29 April 2020
11,40,25,1,Himachal Pradesh,08:00,29 April 2020
12,565,176,8,Jammu and Kashmir,08:00,29 April 2020
13,103,17,3,Jharkhand,08:00,29 April 2020
14,523,207,20,Karnataka,08:00,29 April 2020
15,485,359,4,Kerala,08:00,29 April 2020
16,22,16,0,Ladakh,08:00,29 April 2020
21,2387,377,120,Madhya Pradesh,08:00,29 April 2020
17,9318,1388,400,Maharashtra,08:00,29 April 2020
18,2,2,0,Manipur,08:00,29 April 2020
19,12,0,1,Meghalaya,08:00,29 April 2020
20,1,0,0,Mizoram,08:00,29 April 2020
22,118,38,1,Odisha,08:00,29 April 2020
23,8,3,0,Puducherry,08:00,29 April 2020
24,322,71,19,Punjab,08:00,29 April 2020
25,2364,768,51,Rajasthan,08:00,29 April 2020
26,2058,1168,25,Tamil Nadu,08:00,29 April 2020
27,1004,321,26,Telangana,08:00,29 April 2020
28,2,2,0,Tripura,08:00,29 April 2020
29,2053,462,34,Uttar Pradesh,08:00,29 April 2020
30,54,33,0,Uttarakhand,08:00,29 April 2020
31,725,119,22,West Bengal,08:00,29 April 2020
0,33,15,0,Andaman and Nicobar,08:00,30 April 2020
1,1332,287,31,Andhra Pradesh,08:00,30 April 2020
2,1,1,0,Arunanchal Pradesh,08:00,30 April 2020
3,38,29,1,Assam,08:00,30 April 2020
4,392,65,2,Bihar,08:00,30 April 2020
5,56,17,0,Chandigarh,08:00,30 April 2020
6,38,34,0,Chhattisgarh,08:00,30 April 2020
7,3439,1092,56,NCT of Delhi,08:00,30 April 2020
8,7,7,0,Goa,08:00,30 April 2020
9,4082,527,197,Gujarat,08:00,30 April 2020
10,310,209,3,Haryana,08:00,30 April 2020
11,40,25,1,Himachal Pradesh,08:00,30 April 2020
12,581,192,8,Jammu and Kashmir,08:00,30 April 2020
13,107,19,3,Jharkhand,08:00,30 April 2020
14,535,216,21,Karnataka,08:00,30 April 2020
15,495,369,4,Kerala,08:00,30 April 2020
16,22,16,0,Ladakh,08:00,30 April 2020
21,2561,461,129,Madhya Pradesh,08:00,30 April 2020
17,9915,1593,432,Maharashtra,08:00,30 April 2020
18,2,2,0,Manipur,08:00,30 April 2020
19,12,0,1,Meghalaya,08:00,30 April 2020
20,1,0,0,Mizoram,08:00,30 April 2020
22,125,39,1,Odisha,08:00,30 April 2020
23,8,3,0,Puducherry,08:00,30 April 2020
24,357,90,19,Punjab,08:00,30 April 2020
25,2438,768,51,Rajasthan,08:00,30 April 2020
26,2162,1210,27,Tamil Nadu,08:00,30 April 2020
27,1012,367,26,Telangana,08:00,30 April 2020
28,2,2,0,Tripura,08:00,30 April 2020
29,2134,510,39,Uttar Pradesh,08:00,30 April 2020
30,55,36,0,Uttarakhand,08:00,30 April 2020
31,758,124,22,West Bengal,08:00,30 April 2020
0,33,16,0,Andaman and Nicobar,08:00,1 May 2020
1,1403,321,31,Andhra Pradesh,08:00,1 May 2020
2,1,1,0,Arunanchal Pradesh,08:00,1 May 2020
3,42,29,1,Assam,08:00,1 May 2020
4,418,82,2,Bihar,08:00,1 May 2020
5,56,17,0,Chandigarh,08:00,1 May 2020
6,38,34,0,Chhattisgarh,08:00,1 May 2020
7,3515,1094,59,NCT of Delhi,08:00,1 May 2020
8,7,7,0,Goa,08:00,1 May 2020
9,4395,613,214,Gujarat,08:00,1 May 2020
10,313,209,3,Haryana,08:00,1 May 2020
11,40,28,1,Himachal Pradesh,08:00,1 May 2020
12,614,216,8,Jammu and Kashmir,08:00,1 May 2020
13,109,20,3,Jharkhand,08:00,1 May 2020
14,565,229,21,Karnataka,08:00,1 May 2020
15,497,383,4,Kerala,08:00,1 May 2020
16,22,16,0,Ladakh,08:00,1 May 2020
21,2660,482,137,Madhya Pradesh,08:00,1 May 2020
17,10498,1773,459,Maharashtra,08:00,1 May 2020
18,2,2,0,Manipur,08:00,1 May 2020
19,12,0,1,Meghalaya,08:00,1 May 2020
20,1,0,0,Mizoram,08:00,1 May 2020
22,142,39,1,Odisha,08:00,1 May 2020
23,8,5,0,Puducherry,08:00,1 May 2020
24,357,90,19,Punjab,08:00,1 May 2020
25,2584,836,58,Rajasthan,08:00,1 May 2020
26,2323,1258,27,Tamil Nadu,08:00,1 May 2020
27,1038,397,26,Telangana,08:00,1 May 2020
28,2,2,0,Tripura,08:00,1 May 2020
29,2203,513,39,Uttar Pradesh,08:00,1 May 2020
30,57,36,0,Uttarakhand,08:00,1 May 2020
31,795,139,33,West Bengal,08:00,1 May 2020
0,33,17,0,Andaman and Nicobar,17:00,03 May 2020
1,1583,488,33,Andhra Pradesh,17:00,03 May 2020
2,1,1,0,Arunanchal Pradesh,17:00,03 May 2020
3,43,32,1,Assam,17:00,03 May 2020
4,482,117,4,Bihar,17:00,03 May 2020
5,94,19,0,Chandigarh,17:00,03 May 2020
6,43,36,0,Chhattisgarh,17:00,03 May 2020
7,4122,1256,64,NCT of Delhi,17:00,03 May 2020
8,7,7,0,Goa,17:00,03 May 2020
9,5055,896,262,Gujarat,17:00,03 May 2020
10,394,227,4,Haryana,17:00,03 May 2020
11,40,33,1,Himachal Pradesh,17:00,03 May 2020
12,666,254,8,Jammu and Kashmir,17:00,03 May 2020
13,115,22,3,Jharkhand,17:00,03 May 2020
14,606,282,25,Karnataka,17:00,03 May 2020
15,500,400,4,Kerala,17:00,03 May 2020
16,40,17,0,Ladakh,17:00,03 May 2020
21,2846,798,156,Madhya Pradesh,17:00,03 May 2020
17,12296,2000,521,Maharashtra,17:00,03 May 2020
18,2,2,0,Manipur,17:00,03 May 2020
19,12,0,1,Meghalaya,17:00,03 May 2020
20,1,0,0,Mizoram,17:00,03 May 2020
22,160,56,1,Odisha,17:00,03 May 2020
23,8,5,0,Puducherry,17:00,03 May 2020
24,772,112,20,Punjab,17:00,03 May 2020
25,2770,1121,65,Rajasthan,17:00,03 May 2020
26,2757,1341,29,Tamil Nadu,17:00,03 May 2020
27,1063,458,28,Telangana,17:00,03 May 2020
28,4,2,0,Tripura,17:00,03 May 2020
29,2626,689,43,Uttar Pradesh,17:00,03 May 2020
30,59,39,0,Uttarakhand,17:00,03 May 2020
31,922,151,33,West Bengal,17:00,03 May 2020
0,33,32,0,Andaman and Nicobar,17:00,05 May 2020
1,1717,589,36,Andhra Pradesh,17:00,05 May 2020
2,1,1,0,Arunanchal Pradesh,17:00,05 May 2020
3,43,32,1,Assam,17:00,05 May 2020
4,529,130,4,Bihar,17:00,05 May 2020
5,102,21,1,Chandigarh,17:00,05 May 2020
6,58,36,0,Chhattisgarh,17:00,05 May 2020
7,4898,1431,64,NCT of Delhi,17:00,05 May 2020
8,7,7,0,Goa,17:00,05 May 2020
9,5804,1195,319,Gujarat,17:00,05 May 2020
10,517,254,6,Haryana,17:00,05 May 2020
11,41,38,1,Himachal Pradesh,17:00,05 May 2020
12,726,303,8,Jammu and Kashmir,17:00,05 May 2020
13,115,27,3,Jharkhand,17:00,05 May 2020
14,659,324,28,Karnataka,17:00,05 May 2020
15,500,462,4,Kerala,17:00,05 May 2020
16,41,17,0,Ladakh,17:00,05 May 2020
21,3049,1000,176,Madhya Pradesh,17:00,05 May 2020
17,14541,2465,583,Maharashtra,17:00,05 May 2020
18,2,2,0,Manipur,17:00,05 May 2020
19,12,10,1,Meghalaya,17:00,05 May 2020
20,1,0,0,Mizoram,17:00,05 May 2020
22,170,60,1,Odisha,17:00,05 May 2020
23,9,6,0,Puducherry,17:00,05 May 2020
24,1233,128,23,Punjab,17:00,05 May 2020
25,3061,1394,77,Rajasthan,17:00,05 May 2020
26,3550,1409,31,Tamil Nadu,17:00,05 May 2020
27,1085,585,29,Telangana,17:00,05 May 2020
28,16,2,0,Tripura,17:00,05 May 2020
29,2859,944,53,Uttar Pradesh,17:00,05 May 2020
30,60,39,1,Uttarakhand,17:00,05 May 2020
31,1259,218,133,West Bengal,17:00,05 May 2020
0,33,32,0,Andaman and Nicobar,08:00,06 May 2020
1,1717,589,36,Andhra Pradesh,08:00,06 May 2020
2,1,1,0,Arunanchal Pradesh,08:00,06 May 2020
3,43,32,1,Assam,08:00,06 May 2020
4,536,142,4,Bihar,08:00,06 May 2020
5,102,21,1,Chandigarh,08:00,06 May 2020
6,59,36,0,Chhattisgarh,08:00,06 May 2020
7,1,0,0,Dadra and Nagar Haveli,08:00,06 May 2020
8,5104,1468,64,NCT of Delhi,08:00,06 May 2020
9,7,7,0,Goa,08:00,06 May 2020
10,6245,1381,368,Gujarat,08:00,06 May 2020
11,548,256,6,Haryana,08:00,06 May 2020
12,42,38,2,Himachal Pradesh,08:00,06 May 2020
13,741,320,8,Jammu and Kashmir,08:00,06 May 2020
14,125,33,3,Jharkhand,08:00,06 May 2020
15,671,331,29,Karnataka,08:00,06 May 2020
16,502,462,4,Kerala,08:00,06 May 2020
17,41,17,0,Ladakh,08:00,06 May 2020
22,3049,1000,176,Madhya Pradesh,08:00,06 May 2020
18,15525,2819,617,Maharashtra,08:00,06 May 2020
19,2,2,0,Manipur,08:00,06 May 2020
20,12,10,1,Meghalaya,08:00,06 May 2020
21,1,0,0,Mizoram,08:00,06 May 2020
23,175,60,1,Odisha,08:00,06 May 2020
24,9,6,0,Puducherry,08:00,06 May 2020
25,1451,133,25,Punjab,08:00,06 May 2020
26,3158,1525,89,Rajasthan,08:00,06 May 2020
27,4058,1485,33,Tamil Nadu,08:00,06 May 2020
28,1096,585,29,Telangana,08:00,06 May 2020
29,43,2,0,Tripura,08:00,06 May 2020
30,2880,987,56,Uttar Pradesh,08:00,06 May 2020
31,61,39,1,Uttarakhand,08:00,06 May 2020
32,1344,364,140,West Bengal,08:00,06 May 2020
0,33,32,0,Andaman and Nicobar,08:00,07 May 2020
1,1777,729,36,Andhra Pradesh,08:00,07 May 2020
2,1,1,0,Arunanchal Pradesh,08:00,07 May 2020
3,45,32,1,Assam,08:00,07 May 2020
4,542,188,4,Bihar,08:00,07 May 2020
5,120,21,1,Chandigarh,08:00,07 May 2020
6,59,36,0,Chhattisgarh,08:00,07 May 2020
7,1,0,0,Dadra and Nagar Haveli,08:00,07 May 2020
8,5532,1542,65,NCT of Delhi,08:00,07 May 2020
9,7,7,0,Goa,08:00,07 May 2020
10,6625,1500,396,Gujarat,08:00,07 May 2020
11,594,260,7,Haryana,08:00,07 May 2020
12,45,38,2,Himachal Pradesh,08:00,07 May 2020
13,775,322,8,Jammu and Kashmir,08:00,07 May 2020
14,127,37,3,Jharkhand,08:00,07 May 2020
15,693,354,29,Karnataka,08:00,07 May 2020
16,503,469,4,Kerala,08:00,07 May 2020
17,41,17,0,Ladakh,08:00,07 May 2020
22,3138,1099,185,Madhya Pradesh,08:00,07 May 2020
18,16758,3094,651,Maharashtra,08:00,07 May 2020
19,2,2,0,Manipur,08:00,07 May 2020
20,12,10,1,Meghalaya,08:00,07 May 2020
21,1,0,0,Mizoram,08:00,07 May 2020
23,185,61,2,Odisha,08:00,07 May 2020
24,9,6,0,Puducherry,08:00,07 May 2020
25,1516,135,27,Punjab,08:00,07 May 2020
26,3317,1596,92,Rajasthan,08:00,07 May 2020
27,4829,1516,35,Tamil Nadu,08:00,07 May 2020
28,1107,628,29,Telangana,08:00,07 May 2020
29,43,2,0,Tripura,08:00,07 May 2020
30,2998,1130,60,Uttar Pradesh,08:00,07 May 2020
31,61,39,1,Uttarakhand,08:00,07 May 2020
32,1456,364,144,West Bengal,08:00,07 May 2020
0,33,33,0,Andaman and Nicobar,08:00,08 May 2020
1,1847,780,38,Andhra Pradesh,08:00,08 May 2020
2,1,1,0,Arunanchal Pradesh,08:00,08 May 2020
3,54,34,1,Assam,08:00,08 May 2020
4,550,246,5,Bihar,08:00,08 May 2020
5,135,21,1,Chandigarh,08:00,08 May 2020
6,59,38,0,Chhattisgarh,08:00,08 May 2020
7,1,0,0,Dadra and Nagar Haveli,08:00,08 May 2020
8,5980,1931,66,NCT of Delhi,08:00,08 May 2020
9,7,7,0,Goa,08:00,08 May 2020
10,7012,1709,425,Gujarat,08:00,08 May 2020
11,625,260,7,Haryana,08:00,08 May 2020
12,46,38,2,Himachal Pradesh,08:00,08 May 2020
13,793,335,9,Jammu and Kashmir,08:00,08 May 2020
14,132,41,3,Jharkhand,08:00,08 May 2020
15,705,366,30,Karnataka,08:00,08 May 2020
16,503,474,4,Kerala,08:00,08 May 2020
17,42,17,0,Ladakh,08:00,08 May 2020
22,3252,1231,193,Madhya Pradesh,08:00,08 May 2020
18,17974,3301,694,Maharashtra,08:00,08 May 2020
19,2,2,0,Manipur,08:00,08 May 2020
20,12,10,1,Meghalaya,08:00,08 May 2020
21,1,0,0,Mizoram,08:00,08 May 2020
23,219,62,2,Odisha,08:00,08 May 2020
24,9,6,0,Puducherry,08:00,08 May 2020
25,1644,149,28,Punjab,08:00,08 May 2020
26,3427,1596,97,Rajasthan,08:00,08 May 2020
27,5409,1547,37,Tamil Nadu,08:00,08 May 2020
28,1123,650,29,Telangana,08:00,08 May 2020
29,65,2,0,Tripura,08:00,08 May 2020
30,3071,1250,62,Uttar Pradesh,08:00,08 May 2020
31,61,39,1,Uttarakhand,08:00,08 May 2020
32,1548,364,151,West Bengal,08:00,08 May 2020
0,33,33,0,Andaman and Nicobar,08:00,09 May 2020
1,1887,842,41,Andhra Pradesh,08:00,09 May 2020
2,1,1,0,Arunanchal Pradesh,08:00,09 May 2020
3,59,34,1,Assam,08:00,09 May 2020
4,571,297,5,Bihar,08:00,09 May 2020
5,150,21,1,Chandigarh,08:00,09 May 2020
6,59,38,0,Chhattisgarh,08:00,09 May 2020
7,1,0,0,Dadra and Nagar Haveli,08:00,09 May 2020
8,6318,2020,68,NCT of Delhi,08:00,09 May 2020
9,7,7,0,Goa,08:00,09 May 2020
10,7402,1872,449,Gujarat,08:00,09 May 2020
11,647,279,8,Haryana,08:00,09 May 2020
12,50,38,2,Himachal Pradesh,08:00,09 May 2020
13,823,364,9,Jammu and Kashmir,08:00,09 May 2020
14,132,52,3,Jharkhand,08:00,09 May 2020
15,753,376,30,Karnataka,08:00,09 May 2020
16,503,484,4,Kerala,08:00,09 May 2020
17,42,17,0,Ladakh,08:00,09 May 2020
22,3341,1349,200,Madhya Pradesh,08:00,09 May 2020
18,19063,3470,731,Maharashtra,08:00,09 May 2020
19,2,2,0,Manipur,08:00,09 May 2020
20,12,10,1,Meghalaya,08:00,09 May 2020
21,1,0,0,Mizoram,08:00,09 May 2020
23,271,63,2,Odisha,08:00,09 May 2020
24,9,6,0,Puducherry,08:00,09 May 2020
25,1731,152,29,Punjab,08:00,09 May 2020
26,3579,1916,101,Rajasthan,08:00,09 May 2020
27,6009,1605,40,Tamil Nadu,08:00,09 May 2020
28,1133,700,29,Telangana,08:00,09 May 2020
29,118,2,0,Tripura,08:00,09 May 2020
30,3214,1387,66,Uttar Pradesh,08:00,09 May 2020
31,63,46,1,Uttarakhand,08:00,09 May 2020
32,1678,364,160,West Bengal,08:00,09 May 2020
0,33,33,0,Andaman and Nicobar,08:00,11 May 2020
1,1930,887,44,Andhra Pradesh,08:00,11 May 2020
2,1,1,0,Arunanchal Pradesh,08:00,11 May 2020
3,63,34,2,Assam,08:00,11 May 2020
4,591,322,5,Bihar,08:00,11 May 2020
5,169,24,2,Chandigarh,08:00,11 May 2020
6,59,43,0,Chhattisgarh,08:00,11 May 2020
7,1,0,0,Dadra and Nagar Haveli,08:00,11 May 2020
8,6542,2020,73,NCT of Delhi,08:00,11 May 2020
9,7,7,0,Goa,08:00,11 May 2020
10,7796,2091,472,Gujarat,08:00,11 May 2020
11,675,290,9,Haryana,08:00,11 May 2020
12,50,38,2,Himachal Pradesh,08:00,11 May 2020
13,836,368,9,Jammu and Kashmir,08:00,11 May 2020
14,156,78,3,Jharkhand,08:00,11 May 2020
15,794,386,30,Karnataka,08:00,11 May 2020
16,505,485,4,Kerala,08:00,11 May 2020
17,42,17,0,Ladakh,08:00,11 May 2020
22,3614,1676,215,Madhya Pradesh,08:00,11 May 2020
18,20228,3800,779,Maharashtra,08:00,11 May 2020
19,2,2,0,Manipur,08:00,11 May 2020
20,13,10,1,Meghalaya,08:00,11 May 2020
21,1,1,0,Mizoram,08:00,11 May 2020
23,294,63,2,Odisha,08:00,11 May 2020
24,9,6,0,Puducherry,08:00,11 May 2020
25,1762,157,31,Punjab,08:00,11 May 2020
26,3708,2026,106,Rajasthan,08:00,11 May 2020
27,6535,1824,44,Tamil Nadu,08:00,11 May 2020
28,1163,750,30,Telangana,08:00,11 May 2020
29,134,2,0,Tripura,08:00,11 May 2020
30,3373,1499,74,Uttar Pradesh,08:00,11 May 2020
31,67,46,1,Uttarakhand,08:00,11 May 2020
32,1786,372,171,West Bengal,08:00,11 May 2020
0,33,33,0,Andaman and Nicobar,08:00,13 May 2020
1,2090,1056,46,Andhra Pradesh,08:00,13 May 2020
2,1,1,0,Arunanchal Pradesh,08:00,13 May 2020
3,65,39,2,Assam,08:00,13 May 2020
4,831,383,6,Bihar,08:00,13 May 2020
5,187,28,3,Chandigarh,08:00,13 May 2020
6,59,54,0,Chhattisgarh,08:00,13 May 2020
7,1,0,0,Dadra and Nagar Haveli,08:00,13 May 2020
8,0,0,0,Daman and Diu,08:00,13 May 2020
9,7639,2512,86,NCT of Delhi,08:00,13 May 2020
10,7,7,0,Goa,08:00,13 May 2020
11,8903,3246,537,Gujarat,08:00,13 May 2020
12,780,342,11,Haryana,08:00,13 May 2020
13,65,39,2,Himachal Pradesh,08:00,13 May 2020
14,934,455,10,Jammu and Kashmir,08:00,13 May 2020
15,172,79,3,Jharkhand,08:00,13 May 2020
16,925,433,31,Karnataka,08:00,13 May 2020
17,524,489,4,Kerala,08:00,13 May 2020
18,42,21,0,Ladakh,08:00,13 May 2020
19,0,0,0,Lakshadweep,08:00,13 May 2020
24,3986,1860,225,Madhya Pradesh,08:00,13 May 2020
20,24427,5125,921,Maharashtra,08:00,13 May 2020
21,2,2,0,Manipur,08:00,13 May 2020
22,13,10,1,Meghalaya,08:00,13 May 2020
23,1,1,0,Mizoram,08:00,13 May 2020
25,0,0,0,Nagaland,08:00,13 May 2020
26,437,116,3,Odisha,08:00,13 May 2020
27,13,9,1,Puducherry,08:00,13 May 2020
28,1914,171,32,Punjab,08:00,13 May 2020
29,4126,2378,117,Rajasthan,08:00,13 May 2020
30,0,0,0,Sikkim,08:00,13 May 2020
31,8718,2134,61,Tamil Nadu,08:00,13 May 2020
32,1326,830,32,Telangana,08:00,13 May 2020
33,154,2,0,Tripura,08:00,13 May 2020
34,3664,1873,82,Uttar Pradesh,08:00,13 May 2020
35,69,46,1,Uttarakhand,08:00,13 May 2020
36,2173,612,198,West Bengal,08:00,13 May 2020
0,33,33,0,Andaman and Nicobar,08:00,14 May 2020
1,2137,1142,47,Andhra Pradesh,08:00,14 May 2020
2,1,1,0,Arunanchal Pradesh,08:00,14 May 2020
3,80,39,2,Assam,08:00,14 May 2020
4,940,388,7,Bihar,08:00,14 May 2020
5,187,28,3,Chandigarh,08:00,14 May 2020
6,59,55,0,Chhattisgarh,08:00,14 May 2020
7,1,0,0,Dadra and Nagar Haveli,08:00,14 May 2020
8,0,0,0,Daman and Diu,08:00,14 May 2020
9,7998,2858,106,NCT of Delhi,08:00,14 May 2020
10,7,7,0,Goa,08:00,14 May 2020
11,9267,3562,566,Gujarat,08:00,14 May 2020
12,793,418,11,Haryana,08:00,14 May 2020
13,66,39,2,Himachal Pradesh,08:00,14 May 2020
14,971,466,11,Jammu and Kashmir,08:00,14 May 2020
15,173,79,3,Jharkhand,08:00,14 May 2020
16,959,451,33,Karnataka,08:00,14 May 2020
17,534,490,4,Kerala,08:00,14 May 2020
18,43,22,0,Ladakh,08:00,14 May 2020
19,0,0,0,Lakshadweep,08:00,14 May 2020
24,4173,2004,232,Madhya Pradesh,08:00,14 May 2020
20,25922,5547,975,Maharashtra,08:00,14 May 2020
21,2,2,0,Manipur,08:00,14 May 2020
22,13,10,1,Meghalaya,08:00,14 May 2020
23,1,1,0,Mizoram,08:00,14 May 2020
25,0,0,0,Nagaland,08:00,14 May 2020
26,538,143,3,Odisha,08:00,14 May 2020
27,13,9,1,Puducherry,08:00,14 May 2020
28,1924,200,32,Punjab,08:00,14 May 2020
29,4328,2459,121,Rajasthan,08:00,14 May 2020
30,0,0,0,Sikkim,08:00,14 May 2020
31,9227,2176,64,Tamil Nadu,08:00,14 May 2020
32,1367,940,34,Telangana,08:00,14 May 2020
33,155,16,0,Tripura,08:00,14 May 2020
34,3729,1902,83,Uttar Pradesh,08:00,14 May 2020
35,72,46,1,Uttarakhand,08:00,14 May 2020
36,2290,702,207,West Bengal,08:00,14 May 2020
0,33,33,0,Andaman and Nicobar,08:00,15 May 2020
1,2205,1192,48,Andhra Pradesh,08:00,15 May 2020
2,1,1,0,Arunanchal Pradesh,08:00,15 May 2020
3,87,39,2,Assam,08:00,15 May 2020
4,994,411,7,Bihar,08:00,15 May 2020
5,191,37,3,Chandigarh,08:00,15 May 2020
6,60,56,0,Chhattisgarh,08:00,15 May 2020
7,1,0,0,Dadra and Nagar Haveli,08:00,15 May 2020
8,0,0,0,Daman and Diu,08:00,15 May 2020
9,8470,3045,115,NCT of Delhi,08:00,15 May 2020
10,14,7,0,Goa,08:00,15 May 2020
11,9591,3753,586,Gujarat,08:00,15 May 2020
12,818,439,11,Haryana,08:00,15 May 2020
13,74,39,2,Himachal Pradesh,08:00,15 May 2020
14,983,485,11,Jammu and Kashmir,08:00,15 May 2020
15,197,87,3,Jharkhand,08:00,15 May 2020
16,987,460,35,Karnataka,08:00,15 May 2020
17,560,491,4,Kerala,08:00,15 May 2020
18,43,22,0,Ladakh,08:00,15 May 2020
19,0,0,0,Lakshadweep,08:00,15 May 2020
24,4426,2171,237,Madhya Pradesh,08:00,15 May 2020
20,27524,6059,1019,Maharashtra,08:00,15 May 2020
21,3,2,0,Manipur,08:00,15 May 2020
22,13,11,1,Meghalaya,08:00,15 May 2020
23,1,1,0,Mizoram,08:00,15 May 2020
25,0,0,0,Nagaland,08:00,15 May 2020
26,611,158,3,Odisha,08:00,15 May 2020
27,13,9,1,Puducherry,08:00,15 May 2020
28,1935,223,32,Punjab,08:00,15 May 2020
29,4534,2580,125,Rajasthan,08:00,15 May 2020
30,0,0,0,Sikkim,08:00,15 May 2020
31,9674,2240,66,Tamil Nadu,08:00,15 May 2020
32,1414,950,34,Telangana,08:00,15 May 2020
33,156,29,0,Tripura,08:00,15 May 2020
34,3902,2072,88,Uttar Pradesh,08:00,15 May 2020
35,78,50,1,Uttarakhand,08:00,15 May 2020
36,2377,768,215,West Bengal,08:00,15 May 2020
0,33,33,0,Andaman and Nicobar,08:00,16 May 2020
1,2307,1252,48,Andhra Pradesh,08:00,16 May 2020
2,1,1,0,Arunanchal Pradesh,08:00,16 May 2020
3,90,41,2,Assam,08:00,16 May 2020
4,1018,438,7,Bihar,08:00,16 May 2020
5,191,37,3,Chandigarh,08:00,16 May 2020
6,66,56,0,Chhattisgarh,08:00,16 May 2020
7,1,0,0,Dadra and Nagar Haveli,08:00,16 May 2020
8,0,0,0,Daman and Diu,08:00,16 May 2020
9,8895,3518,123,NCT of Delhi,08:00,16 May 2020
10,15,7,0,Goa,08:00,16 May 2020
11,9931,4035,606,Gujarat,08:00,16 May 2020
12,818,439,11,Haryana,08:00,16 May 2020
13,76,39,3,Himachal Pradesh,08:00,16 May 2020
14,1013,513,11,Jammu and Kashmir,08:00,16 May 2020
15,203,87,3,Jharkhand,08:00,16 May 2020
16,1056,480,36,Karnataka,08:00,16 May 2020
17,576,492,4,Kerala,08:00,16 May 2020
18,43,22,0,Ladakh,08:00,16 May 2020
19,0,0,0,Lakshadweep,08:00,16 May 2020
24,4595,2283,239,Madhya Pradesh,08:00,16 May 2020
20,29100,6564,1068,Maharashtra,08:00,16 May 2020
21,3,2,0,Manipur,08:00,16 May 2020
22,13,11,1,Meghalaya,08:00,16 May 2020
23,1,1,0,Mizoram,08:00,16 May 2020
25,0,0,0,Nagaland,08:00,16 May 2020
26,672,166,3,Odisha,08:00,16 May 2020
27,13,9,1,Puducherry,08:00,16 May 2020
28,1935,305,32,Punjab,08:00,16 May 2020
29,4727,2677,125,Rajasthan,08:00,16 May 2020
30,0,0,0,Sikkim,08:00,16 May 2020
31,10108,2599,71,Tamil Nadu,08:00,16 May 2020
32,1454,959,34,Telangana,08:00,16 May 2020
33,156,42,0,Tripura,08:00,16 May 2020
34,4057,2165,95,Uttar Pradesh,08:00,16 May 2020
35,82,51,1,Uttarakhand,08:00,16 May 2020
36,2461,829,225,West Bengal,08:00,16 May 2020
0,33,33,0,Andaman and Nicobar,08:00,18 May 2020
1,2407,1456,50,Andhra Pradesh,08:00,18 May 2020
2,1,1,0,Arunanchal Pradesh,08:00,18 May 2020
3,101,41,2,Assam,08:00,18 May 2020
4,1262,475,8,Bihar,08:00,18 May 2020
5,191,51,3,Chandigarh,08:00,18 May 2020
6,86,59,0,Chhattisgarh,08:00,18 May 2020
7,1,0,0,Dadra and Nagar Haveli,08:00,18 May 2020
8,0,0,0,Daman and Diu,08:00,18 May 2020
9,10054,4485,160,NCT of Delhi,08:00,18 May 2020
10,29,7,0,Goa,08:00,18 May 2020
11,11379,4499,659,Gujarat,08:00,18 May 2020
12,910,562,14,Haryana,08:00,18 May 2020
13,80,44,3,Himachal Pradesh,08:00,18 May 2020
14,1183,575,13,Jammu and Kashmir,08:00,18 May 2020
15,223,113,3,Jharkhand,08:00,18 May 2020
16,1147,509,37,Karnataka,08:00,18 May 2020
17,601,497,4,Kerala,08:00,18 May 2020
18,43,24,0,Ladakh,08:00,18 May 2020
19,0,0,0,Lakshadweep,08:00,18 May 2020
24,4977,2403,248,Madhya Pradesh,08:00,18 May 2020
20,33053,7688,1198,Maharashtra,08:00,18 May 2020
21,7,2,0,Manipur,08:00,18 May 2020
22,13,11,1,Meghalaya,08:00,18 May 2020
23,1,1,0,Mizoram,08:00,18 May 2020
25,0,0,0,Nagaland,08:00,18 May 2020
26,828,220,4,Odisha,08:00,18 May 2020
27,13,9,1,Puducherry,08:00,18 May 2020
28,1964,1366,35,Punjab,08:00,18 May 2020
29,5202,2992,131,Rajasthan,08:00,18 May 2020
30,0,0,0,Sikkim,08:00,18 May 2020
31,11224,4172,78,Tamil Nadu,08:00,18 May 2020
32,1551,992,34,Telangana,08:00,18 May 2020
33,167,85,0,Tripura,08:00,18 May 2020
34,4259,2441,104,Uttar Pradesh,08:00,18 May 2020
35,92,52,1,Uttarakhand,08:00,18 May 2020
36,2677,959,238,West Bengal,08:00,18 May 2020
0,33,33,0,Andaman and Nicobar,08:00,19 May 2020
1,2474,1552,50,Andhra Pradesh,08:00,19 May 2020
2,1,1,0,Arunanchal Pradesh,08:00,19 May 2020
3,107,41,2,Assam,08:00,19 May 2020
4,1391,494,9,Bihar,08:00,19 May 2020
5,196,54,3,Chandigarh,08:00,19 May 2020
6,93,59,0,Chhattisgarh,08:00,19 May 2020
7,1,0,0,Dadra and Nagar Haveli,08:00,19 May 2020
8,0,0,0,Daman and Diu,08:00,19 May 2020
9,10054,4485,168,NCT of Delhi,08:00,19 May 2020
10,38,7,0,Goa,08:00,19 May 2020
11,11745,4804,694,Gujarat,08:00,19 May 2020
12,928,598,14,Haryana,08:00,19 May 2020
13,90,44,3,Himachal Pradesh,08:00,19 May 2020
14,1289,609,15,Jammu and Kashmir,08:00,19 May 2020
15,223,113,3,Jharkhand,08:00,19 May 2020
16,1246,530,37,Karnataka,08:00,19 May 2020
17,630,497,4,Kerala,08:00,19 May 2020
18,43,41,0,Ladakh,08:00,19 May 2020
19,0,0,0,Lakshadweep,08:00,19 May 2020
24,5236,2435,252,Madhya Pradesh,08:00,19 May 2020
20,35058,8437,1249,Maharashtra,08:00,19 May 2020
21,7,2,0,Manipur,08:00,19 May 2020
22,13,11,1,Meghalaya,08:00,19 May 2020
23,1,1,0,Mizoram,08:00,19 May 2020
25,0,0,0,Nagaland,08:00,19 May 2020
26,876,220,4,Odisha,08:00,19 May 2020
27,18,9,1,Puducherry,08:00,19 May 2020
28,1980,1547,37,Punjab,08:00,19 May 2020
29,5507,3218,138,Rajasthan,08:00,19 May 2020
30,0,0,0,Sikkim,08:00,19 May 2020
31,11760,4406,81,Tamil Nadu,08:00,19 May 2020
32,1597,1000,35,Telangana,08:00,19 May 2020
33,167,85,0,Tripura,08:00,19 May 2020
34,4605,2783,118,Uttar Pradesh,08:00,19 May 2020
35,93,52,1,Uttarakhand,08:00,19 May 2020
36,2825,1006,244,West Bengal,08:00,19 May 2020
0,33,33,0,Andaman and Nicobar,08:00,20 May 2020
1,2532,1621,52,Andhra Pradesh,08:00,20 May 2020
2,1,1,0,Arunanchal Pradesh,08:00,20 May 2020
3,142,41,4,Assam,08:00,20 May 2020
4,1498,534,9,Bihar,08:00,20 May 2020
5,200,57,3,Chandigarh,08:00,20 May 2020
6,101,59,0,Chhattisgarh,08:00,20 May 2020
7,1,0,0,Dadra and Nagar Haveli,08:00,20 May 2020
8,0,0,0,Daman and Diu,08:00,20 May 2020
9,10554,4750,168,NCT of Delhi,08:00,20 May 2020
10,46,7,0,Goa,08:00,20 May 2020
11,12140,5043,719,Gujarat,08:00,20 May 2020
12,964,627,14,Haryana,08:00,20 May 2020
13,92,47,3,Himachal Pradesh,08:00,20 May 2020
14,1317,653,17,Jammu and Kashmir,08:00,20 May 2020
15,231,127,3,Jharkhand,08:00,20 May 2020
16,1397,544,40,Karnataka,08:00,20 May 2020
17,642,497,4,Kerala,08:00,20 May 2020
18,43,43,0,Ladakh,08:00,20 May 2020
19,0,0,0,Lakshadweep,08:00,20 May 2020
24,5465,2630,258,Madhya Pradesh,08:00,20 May 2020
20,37136,9639,1325,Maharashtra,08:00,20 May 2020
21,9,2,0,Manipur,08:00,20 May 2020
22,13,12,1,Meghalaya,08:00,20 May 2020
23,1,1,0,Mizoram,08:00,20 May 2020
25,0,0,0,Nagaland,08:00,20 May 2020
26,978,277,5,Odisha,08:00,20 May 2020
27,18,9,1,Puducherry,08:00,20 May 2020
28,2002,1642,38,Punjab,08:00,20 May 2020
29,5845,3337,143,Rajasthan,08:00,20 May 2020
30,0,0,0,Sikkim,08:00,20 May 2020
31,12448,4895,84,Tamil Nadu,08:00,20 May 2020
32,1634,1010,38,Telangana,08:00,20 May 2020
33,173,116,0,Tripura,08:00,20 May 2020
34,4926,2918,123,Uttar Pradesh,08:00,20 May 2020
35,111,52,1,Uttarakhand,08:00,20 May 2020
36,2961,1074,250,West Bengal,08:00,20 May 2020
0,33,33,0,Andaman and Nicobar,08:00,21 May 2020
1,2602,1640,53,Andhra Pradesh,08:00,21 May 2020
2,1,1,0,Arunanchal Pradesh,08:00,21 May 2020
3,170,48,4,Assam,08:00,21 May 2020
4,1674,571,10,Bihar,08:00,21 May 2020
5,202,57,3,Chandigarh,08:00,21 May 2020
6,115,59,0,Chhattisgarh,08:00,21 May 2020
7,1,0,0,Dadra and Nagar Haveli,08:00,21 May 2020
8,0,0,0,Daman and Diu,08:00,21 May 2020
9,11088,5192,176,NCT of Delhi,08:00,21 May 2020
10,50,7,0,Goa,08:00,21 May 2020
11,12537,5219,749,Gujarat,08:00,21 May 2020
12,993,648,14,Haryana,08:00,21 May 2020
13,110,54,3,Himachal Pradesh,08:00,21 May 2020
14,1390,678,18,Jammu and Kashmir,08:00,21 May 2020
15,231,127,3,Jharkhand,08:00,21 May 2020
16,1462,556,41,Karnataka,08:00,21 May 2020
17,666,502,4,Kerala,08:00,21 May 2020
18,44,43,0,Ladakh,08:00,21 May 2020
19,0,0,0,Lakshadweep,08:00,21 May 2020
24,5735,2733,267,Madhya Pradesh,08:00,21 May 2020
20,39297,10318,1390,Maharashtra,08:00,21 May 2020
21,25,2,0,Manipur,08:00,21 May 2020
22,14,12,1,Meghalaya,08:00,21 May 2020
23,1,1,0,Mizoram,08:00,21 May 2020
25,0,0,0,Nagaland,08:00,21 May 2020
26,1052,307,6,Odisha,08:00,21 May 2020
27,18,9,0,Puducherry,08:00,21 May 2020
28,2005,1794,38,Punjab,08:00,21 May 2020
29,6015,3404,147,Rajasthan,08:00,21 May 2020
30,0,0,0,Sikkim,08:00,21 May 2020
31,13191,5882,87,Tamil Nadu,08:00,21 May 2020
32,1661,1015,40,Telangana,08:00,21 May 2020
33,173,133,0,Tripura,08:00,21 May 2020
34,5175,3066,127,Uttar Pradesh,08:00,21 May 2020
35,122,53,1,Uttarakhand,08:00,21 May 2020
36,3103,1136,253,West Bengal,08:00,21 May 2020
0,33,33,0,Andaman and Nicobar,08:00,22 May 2020
1,2647,1709,53,Andhra Pradesh,08:00,22 May 2020
2,1,1,0,Arunanchal Pradesh,08:00,22 May 2020
3,203,54,4,Assam,08:00,22 May 2020
4,1982,593,11,Bihar,08:00,22 May 2020
5,217,139,3,Chandigarh,08:00,22 May 2020
6,128,59,0,Chhattisgarh,08:00,22 May 2020
7,1,0,0,Dadra and Nagar Haveli,08:00,22 May 2020
8,0,0,0,Daman and Diu,08:00,22 May 2020
9,11659,5567,194,NCT of Delhi,08:00,22 May 2020
10,52,7,0,Goa,08:00,22 May 2020
11,12905,5488,773,Gujarat,08:00,22 May 2020
12,1031,681,15,Haryana,08:00,22 May 2020
13,152,59,3,Himachal Pradesh,08:00,22 May 2020
14,1449,684,20,Jammu and Kashmir,08:00,22 May 2020
15,290,129,3,Jharkhand,08:00,22 May 2020
16,1605,571,41,Karnataka,08:00,22 May 2020
17,690,510,4,Kerala,08:00,22 May 2020
18,44,43,0,Ladakh,08:00,22 May 2020
19,0,0,0,Lakshadweep,08:00,22 May 2020
24,5981,2843,270,Madhya Pradesh,08:00,22 May 2020
20,41642,11726,1454,Maharashtra,08:00,22 May 2020
21,25,2,0,Manipur,08:00,22 May 2020
22,14,12,1,Meghalaya,08:00,22 May 2020
23,1,1,0,Mizoram,08:00,22 May 2020
25,0,0,0,Nagaland,08:00,22 May 2020
26,1103,393,7,Odisha,08:00,22 May 2020
27,20,10,0,Puducherry,08:00,22 May 2020
28,2028,1819,39,Punjab,08:00,22 May 2020
29,6227,3485,151,Rajasthan,08:00,22 May 2020
30,0,0,0,Sikkim,08:00,22 May 2020
31,13967,6282,94,Tamil Nadu,08:00,22 May 2020
32,1699,1035,45,Telangana,08:00,22 May 2020
33,173,148,0,Tripura,08:00,22 May 2020
34,5515,3204,138,Uttar Pradesh,08:00,22 May 2020
35,146,54,1,Uttarakhand,08:00,22 May 2020
36,3197,1193,259,West Bengal,08:00,22 May 2020
0,33,33,0,Andaman and Nicobar,08:00,23 May 2020
1,2709,1763,55,Andhra Pradesh,08:00,23 May 2020
2,1,1,0,Arunanchal Pradesh,08:00,23 May 2020
3,259,54,4,Assam,08:00,23 May 2020
4,2177,629,11,Bihar,08:00,23 May 2020
5,218,178,3,Chandigarh,08:00,23 May 2020
6,172,62,0,Chhattisgarh,08:00,23 May 2020
7,1,0,0,Dadra and Nagar Haveli,08:00,23 May 2020
8,0,0,0,Daman and Diu,08:00,23 May 2020
9,12319,5897,208,NCT of Delhi,08:00,23 May 2020
10,54,16,0,Goa,08:00,23 May 2020
11,13268,5880,802,Gujarat,08:00,23 May 2020
12,1067,706,16,Haryana,08:00,23 May 2020
13,168,59,3,Himachal Pradesh,08:00,23 May 2020
14,1489,720,20,Jammu and Kashmir,08:00,23 May 2020
15,308,136,3,Jharkhand,08:00,23 May 2020
16,1743,597,41,Karnataka,08:00,23 May 2020
17,732,512,4,Kerala,08:00,23 May 2020
18,44,43,0,Ladakh,08:00,23 May 2020
19,0,0,0,Lakshadweep,08:00,23 May 2020
24,6170,3089,272,Madhya Pradesh,08:00,23 May 2020
20,44582,12583,1517,Maharashtra,08:00,23 May 2020
21,26,2,0,Manipur,08:00,23 May 2020
22,14,12,1,Meghalaya,08:00,23 May 2020
23,1,1,0,Mizoram,08:00,23 May 2020
25,0,0,0,Nagaland,08:00,23 May 2020
26,1189,436,7,Odisha,08:00,23 May 2020
27,26,10,0,Puducherry,08:00,23 May 2020
28,2029,1847,39,Punjab,08:00,23 May 2020
29,6494,3680,153,Rajasthan,08:00,23 May 2020
30,0,0,0,Sikkim,08:00,23 May 2020
31,14753,7128,98,Tamil Nadu,08:00,23 May 2020
32,1761,1043,45,Telangana,08:00,23 May 2020
33,175,152,0,Tripura,08:00,23 May 2020
34,5735,3238,152,Uttar Pradesh,08:00,23 May 2020
35,153,56,1,Uttarakhand,08:00,23 May 2020
36,3332,1221,265,West Bengal,08:00,23 May 2020
0,33,33,0,Andaman and Nicobar,08:00,24 May 2020
1,2757,1809,56,Andhra Pradesh,08:00,24 May 2020
2,1,1,0,Arunanchal Pradesh,08:00,24 May 2020
3,329,55,4,Assam,08:00,24 May 2020
4,2380,653,11,Bihar,08:00,24 May 2020
5,225,179,3,Chandigarh,08:00,24 May 2020
6,214,64,0,Chhattisgarh,08:00,24 May 2020
7,2,0,0,Dadra and Nagar Haveli,08:00,24 May 2020
8,0,0,0,Daman and Diu,08:00,24 May 2020
9,12910,6267,231,NCT of Delhi,08:00,24 May 2020
10,55,16,0,Goa,08:00,24 May 2020
11,13664,6169,829,Gujarat,08:00,24 May 2020
12,1131,750,16,Haryana,08:00,24 May 2020
13,185,61,3,Himachal Pradesh,08:00,24 May 2020
14,1569,774,21,Jammu and Kashmir,08:00,24 May 2020
15,350,141,4,Jharkhand,08:00,24 May 2020
16,1959,608,42,Karnataka,08:00,24 May 2020
17,795,515,4,Kerala,08:00,24 May 2020
18,49,43,0,Ladakh,08:00,24 May 2020
19,0,0,0,Lakshadweep,08:00,24 May 2020
24,6371,3267,281,Madhya Pradesh,08:00,24 May 2020
20,47190,13404,1577,Maharashtra,08:00,24 May 2020
21,29,4,0,Manipur,08:00,24 May 2020
22,14,12,1,Meghalaya,08:00,24 May 2020
23,1,1,0,Mizoram,08:00,24 May 2020
25,0,0,0,Nagaland,08:00,24 May 2020
26,1269,497,7,Odisha,08:00,24 May 2020
27,26,10,0,Puducherry,08:00,24 May 2020
28,2045,1870,39,Punjab,08:00,24 May 2020
29,6742,3786,160,Rajasthan,08:00,24 May 2020
30,1,0,0,Sikkim,08:00,24 May 2020
31,15512,7491,103,Tamil Nadu,08:00,24 May 2020
32,1813,1065,49,Telangana,08:00,24 May 2020
33,189,153,0,Tripura,08:00,24 May 2020
34,6017,3406,155,Uttar Pradesh,08:00,24 May 2020
35,244,56,2,Uttarakhand,08:00,24 May 2020
36,3459,1281,269,West Bengal,08:00,24 May 2020
0,33,33,0,Andaman and Nicobar,08:00,25 May 2020
1,2823,1856,56,Andhra Pradesh,08:00,25 May 2020
2,1,1,0,Arunanchal Pradesh,08:00,25 May 2020
3,378,55,4,Assam,08:00,25 May 2020
4,2587,702,13,Bihar,08:00,25 May 2020
5,238,186,3,Chandigarh,08:00,25 May 2020
6,252,67,0,Chhattisgarh,08:00,25 May 2020
7,2,0,0,Dadra and Nagar Haveli,08:00,25 May 2020
8,0,0,0,Daman and Diu,08:00,25 May 2020
9,13418,6540,261,NCT of Delhi,08:00,25 May 2020
10,66,19,0,Goa,08:00,25 May 2020
11,14056,6412,858,Gujarat,08:00,25 May 2020
12,1184,765,16,Haryana,08:00,25 May 2020
13,203,63,3,Himachal Pradesh,08:00,25 May 2020
14,1621,809,21,Jammu and Kashmir,08:00,25 May 2020
15,370,148,4,Jharkhand,08:00,25 May 2020
16,2089,654,42,Karnataka,08:00,25 May 2020
17,847,521,4,Kerala,08:00,25 May 2020
18,52,43,0,Ladakh,08:00,25 May 2020
19,0,0,0,Lakshadweep,08:00,25 May 2020
24,6665,3408,290,Madhya Pradesh,08:00,25 May 2020
20,50231,14600,1635,Maharashtra,08:00,25 May 2020
21,32,4,0,Manipur,08:00,25 May 2020
22,14,12,1,Meghalaya,08:00,25 May 2020
23,1,1,0,Mizoram,08:00,25 May 2020
25,0,0,0,Nagaland,08:00,25 May 2020
26,1336,550,7,Odisha,08:00,25 May 2020
27,41,12,0,Puducherry,08:00,25 May 2020
28,2060,1898,40,Punjab,08:00,25 May 2020
29,7028,3848,163,Rajasthan,08:00,25 May 2020
30,1,0,0,Sikkim,08:00,25 May 2020
31,16277,8324,111,Tamil Nadu,08:00,25 May 2020
32,1854,1090,53,Telangana,08:00,25 May 2020
33,191,165,0,Tripura,08:00,25 May 2020
34,6268,3538,161,Uttar Pradesh,08:00,25 May 2020
35,317,58,3,Uttarakhand,08:00,25 May 2020
36,3667,1339,272,West Bengal,08:00,25 May 2020
0,33,33,0,Andaman and Nicobar,08:00,26 May 2020
1,3110,1896,56,Andhra Pradesh,08:00,26 May 2020
2,2,1,0,Arunanchal Pradesh,08:00,26 May 2020
3,526,62,4,Assam,08:00,26 May 2020
4,2730,749,13,Bihar,08:00,26 May 2020
5,238,186,3,Chandigarh,08:00,26 May 2020
6,291,72,0,Chhattisgarh,08:00,26 May 2020
7,2,0,0,Dadra and Nagar Haveli,08:00,26 May 2020
8,0,0,0,Daman and Diu,08:00,26 May 2020
9,14053,6771,276,NCT of Delhi,08:00,26 May 2020
10,67,19,0,Goa,08:00,26 May 2020
11,14460,6636,888,Gujarat,08:00,26 May 2020
12,1184,765,16,Haryana,08:00,26 May 2020
13,223,67,5,Himachal Pradesh,08:00,26 May 2020
14,1668,809,23,Jammu and Kashmir,08:00,26 May 2020
15,377,148,4,Jharkhand,08:00,26 May 2020
16,2182,705,44,Karnataka,08:00,26 May 2020
17,896,532,5,Kerala,08:00,26 May 2020
18,52,43,0,Ladakh,08:00,26 May 2020
19,0,0,0,Lakshadweep,08:00,26 May 2020
24,6859,3571,300,Madhya Pradesh,08:00,26 May 2020
20,52667,15786,1695,Maharashtra,08:00,26 May 2020
21,39,4,0,Manipur,08:00,26 May 2020
22,14,12,1,Meghalaya,08:00,26 May 2020
23,1,1,0,Mizoram,08:00,26 May 2020
25,3,0,0,Nagaland,08:00,26 May 2020
26,1438,649,7,Odisha,08:00,26 May 2020
27,41,12,0,Puducherry,08:00,26 May 2020
28,2060,1898,40,Punjab,08:00,26 May 2020
29,7300,3951,167,Rajasthan,08:00,26 May 2020
30,1,0,0,Sikkim,08:00,26 May 2020
31,17082,8731,118,Tamil Nadu,08:00,26 May 2020
32,1920,1164,56,Telangana,08:00,26 May 2020
33,194,165,0,Tripura,08:00,26 May 2020
34,6532,3581,165,Uttar Pradesh,08:00,26 May 2020
35,349,58,3,Uttarakhand,08:00,26 May 2020
36,3816,1414,278,West Bengal,08:00,26 May 2020
0,33,33,0,Andaman and Nicobar,08:00,31 May 2020
1,3569,2289,60,Andhra Pradesh,08:00,31 May 2020
2,4,1,0,Arunanchal Pradesh,08:00,31 May 2020
3,1185,163,4,Assam,08:00,31 May 2020
4,3636,1618,20,Bihar,08:00,31 May 2020
5,289,189,4,Chandigarh,08:00,31 May 2020
6,447,102,1,Chhattisgarh,08:00,31 May 2020
7,2,0,0,Dadra and Nagar Haveli,08:00,31 May 2020
8,0,0,0,Daman and Diu,08:00,31 May 2020
9,18549,8075,416,NCT of Delhi,08:00,31 May 2020
10,70,41,0,Goa,08:00,31 May 2020
11,16343,9230,1007,Gujarat,08:00,31 May 2020
12,1923,971,20,Haryana,08:00,31 May 2020
13,313,111,5,Himachal Pradesh,08:00,31 May 2020
14,2341,908,28,Jammu and Kashmir,08:00,31 May 2020
15,563,256,5,Jharkhand,08:00,31 May 2020
16,2922,997,48,Karnataka,08:00,31 May 2020
17,1208,575,9,Kerala,08:00,31 May 2020
18,74,43,0,Ladakh,08:00,31 May 2020
19,0,0,0,Lakshadweep,08:00,31 May 2020
24,7891,4444,343,Madhya Pradesh,08:00,31 May 2020
20,65168,28081,2197,Maharashtra,08:00,31 May 2020
21,62,8,0,Manipur,08:00,31 May 2020
22,27,12,1,Meghalaya,08:00,31 May 2020
23,1,1,0,Mizoram,08:00,31 May 2020
25,36,0,0,Nagaland,08:00,31 May 2020
26,1819,1050,7,Odisha,08:00,31 May 2020
27,51,14,0,Puducherry,08:00,31 May 2020
28,2233,1967,44,Punjab,08:00,31 May 2020
29,8617,5739,193,Rajasthan,08:00,31 May 2020
30,1,0,0,Sikkim,08:00,31 May 2020
31,21184,12000,160,Tamil Nadu,08:00,31 May 2020
32,2499,1412,77,Telangana,08:00,31 May 2020
33,268,172,0,Tripura,08:00,31 May 2020
34,7445,4410,201,Uttar Pradesh,08:00,31 May 2020
35,749,102,5,Uttarakhand,08:00,31 May 2020
36,5130,1970,309,West Bengal,08:00,31 May 2020
0,33,33,0,Andaman and Nicobar,08:00,04 June 2020
1,4080,2466,68,Andhra Pradesh,08:00,04 June 2020
2,38,1,0,Arunanchal Pradesh,08:00,04 June 2020
3,1672,413,4,Assam,08:00,04 June 2020
4,4390,2077,25,Bihar,08:00,04 June 2020
5,301,214,5,Chandigarh,08:00,04 June 2020
6,668,188,2,Chhattisgarh,08:00,04 June 2020
7,8,1,0,Dadra and Nagar Haveli,08:00,04 June 2020
8,0,0,0,Daman and Diu,08:00,04 June 2020
9,23645,9542,606,NCT of Delhi,08:00,04 June 2020
10,79,57,0,Goa,08:00,04 June 2020
11,18100,12212,1122,Gujarat,08:00,04 June 2020
12,2954,1089,23,Haryana,08:00,04 June 2020
13,359,150,5,Himachal Pradesh,08:00,04 June 2020
14,2857,1007,34,Jammu and Kashmir,08:00,04 June 2020
15,752,321,5,Jharkhand,08:00,04 June 2020
16,4063,1514,53,Karnataka,08:00,04 June 2020
17,1494,651,11,Kerala,08:00,04 June 2020
18,90,48,1,Ladakh,08:00,04 June 2020
19,0,0,0,Lakshadweep,08:00,04 June 2020
24,8588,5445,371,Madhya Pradesh,08:00,04 June 2020
20,74860,32329,2587,Maharashtra,08:00,04 June 2020
21,118,38,0,Manipur,08:00,04 June 2020
22,33,13,1,Meghalaya,08:00,04 June 2020
23,14,1,0,Mizoram,08:00,04 June 2020
25,58,0,0,Nagaland,08:00,04 June 2020
26,2388,1416,7,Odisha,08:00,04 June 2020
27,82,25,0,Puducherry,08:00,04 June 2020
28,2376,2029,47,Punjab,08:00,04 June 2020
29,9652,6744,209,Rajasthan,08:00,04 June 2020
30,2,0,0,Sikkim,08:00,04 June 2020
31,25872,14316,208,Tamil Nadu,08:00,04 June 2020
32,3020,1556,99,Telangana,08:00,04 June 2020
33,468,173,0,Tripura,08:00,04 June 2020
34,8729,5176,229,Uttar Pradesh,08:00,04 June 2020
35,1085,282,8,Uttarakhand,08:00,04 June 2020
36,6508,2580,345,West Bengal,08:00,04 June 2020
0,33,33,0,Andaman and Nicobar,08:00,05 June 2020
1,4223,2539,71,Andhra Pradesh,08:00,05 June 2020
2,42,1,0,Arunanchal Pradesh,08:00,05 June 2020
3,1988,442,4,Assam,08:00,05 June 2020
4,4493,2210,29,Bihar,08:00,05 June 2020
5,301,214,5,Chandigarh,08:00,05 June 2020
6,756,213,2,Chhattisgarh,08:00,05 June 2020
7,12,1,0,Dadra and Nagar Haveli,08:00,05 June 2020
8,0,0,0,Daman and Diu,08:00,05 June 2020
9,25004,9898,650,NCT of Delhi,08:00,05 June 2020
10,166,57,0,Goa,08:00,05 June 2020
11,18584,12667,1155,Gujarat,08:00,05 June 2020
12,3281,2134,24,Haryana,08:00,05 June 2020
13,383,179,5,Himachal Pradesh,08:00,05 June 2020
14,3142,1048,35,Jammu and Kashmir,08:00,05 June 2020
15,793,354,6,Jharkhand,08:00,05 June 2020
16,4320,1610,57,Karnataka,08:00,05 June 2020
17,1588,690,14,Kerala,08:00,05 June 2020
18,90,48,1,Ladakh,08:00,05 June 2020
19,0,0,0,Lakshadweep,08:00,05 June 2020
24,8762,5637,377,Madhya Pradesh,08:00,05 June 2020
20,77793,33681,2710,Maharashtra,08:00,05 June 2020
21,124,38,0,Manipur,08:00,05 June 2020
22,33,13,1,Meghalaya,08:00,05 June 2020
23,17,1,0,Mizoram,08:00,05 June 2020
25,80,0,0,Nagaland,08:00,05 June 2020
26,2478,1416,7,Odisha,08:00,05 June 2020
27,82,25,0,Puducherry,08:00,05 June 2020
28,2415,2043,47,Punjab,08:00,05 June 2020
29,9862,7104,213,Rajasthan,08:00,05 June 2020
30,2,0,0,Sikkim,08:00,05 June 2020
31,27256,14902,220,Tamil Nadu,08:00,05 June 2020
32,3147,1587,105,Telangana,08:00,05 June 2020
33,644,173,0,Tripura,08:00,05 June 2020
34,9237,5439,245,Uttar Pradesh,08:00,05 June 2020
35,1153,297,10,Uttarakhand,08:00,05 June 2020
36,6876,2768,355,West Bengal,08:00,05 June 2020
